<?xml version="1.0" encoding="UTF-8"?>
<metadata xml:lang="zh"><Esri><CreaDate>20250321</CreaDate><CreaTime>11143000</CreaTime><ArcGISFormat>1.0</ArcGISFormat><SyncOnce>FALSE</SyncOnce><DataProperties><itemProps><itemName Sync="TRUE">County_MOI_92_2020</itemName><imsContentType Sync="TRUE">002</imsContentType><itemLocation><linkage Sync="TRUE">file://\\JETLINK003\D$\專案\2025.02.20國土測繪中心_114年度行政區域界線維護、系統諮詢及維護採購案\行政區域界線更新作業\0226臺南市善化區村里界釐整\[114行政界線更新第1案]台南市善化區村里界線釐整案交付成果\2.直轄市、縣(市)界線檔(內政部版,shp檔)\COUNTY_WGS84</linkage><protocol Sync="TRUE">Local Area Network</protocol></itemLocation></itemProps><coordRef><type Sync="TRUE">Geographic</type><geogcsn Sync="TRUE">GCS_TWD97[2020]</geogcsn><csUnits Sync="TRUE">Angular Unit: Degree (0.017453)</csUnits><peXml Sync="TRUE">&lt;GeographicCoordinateSystem xsi:type='typens:GeographicCoordinateSystem' xmlns:xsi='http://www.w3.org/2001/XMLSchema-instance' xmlns:xs='http://www.w3.org/2001/XMLSchema' xmlns:typens='http://www.esri.com/schemas/ArcGIS/10.1'&gt;&lt;WKT&gt;GEOGCS[&amp;quot;GCS_TWD97[2020]&amp;quot;,DATUM[&amp;quot;D_TWD_1997&amp;quot;,SPHEROID[&amp;quot;GRS_1980&amp;quot;,6378137.0,298.257222101]],PRIMEM[&amp;quot;Greenwich&amp;quot;,0.0],UNIT[&amp;quot;Degree&amp;quot;,0.0174532925199433]]&lt;/WKT&gt;&lt;XOrigin&gt;-400&lt;/XOrigin&gt;&lt;YOrigin&gt;-400&lt;/YOrigin&gt;&lt;XYScale&gt;1111948722.2222221&lt;/XYScale&gt;&lt;ZOrigin&gt;-100000&lt;/ZOrigin&gt;&lt;ZScale&gt;10000&lt;/ZScale&gt;&lt;MOrigin&gt;-100000&lt;/MOrigin&gt;&lt;MScale&gt;10000&lt;/MScale&gt;&lt;XYTolerance&gt;8.9831528411952133e-009&lt;/XYTolerance&gt;&lt;ZTolerance&gt;0.001&lt;/ZTolerance&gt;&lt;MTolerance&gt;0.001&lt;/MTolerance&gt;&lt;HighPrecision&gt;true&lt;/HighPrecision&gt;&lt;LeftLongitude&gt;-180&lt;/LeftLongitude&gt;&lt;/GeographicCoordinateSystem&gt;</peXml></coordRef><lineage><Process ToolSource="c:\program files (x86)\arcgis\desktop10.2\ArcToolbox\Toolboxes\Data Management Tools.tbx\CopyFeatures" Date="20210818" Time="163108">CopyFeatures D:\Natasha\CPJ21007_110年度行政區域圖編製及界線維護作業採購案\_界線維護\DATA_1100823\MDB_to_2020\County_MOI_92_2020.shp D:\Natasha\CPJ21007_110年度行政區域圖編製及界線維護作業採購案\_界線維護\_界線成果\MDB\1100823_更新成果[TWD2020]\1.行政區域(含行政編組)界線成果(mdb檔)\行政界線_2021-08-23.mdb\County_MOI_92_2020 # 0 0 0</Process><Process ToolSource="c:\program files (x86)\arcgis\desktop10.2\ArcToolbox\Toolboxes\Data Management Tools.tbx\CalculateField" Date="20230308" Time="131820">CalculateField 輸出縣市Table重新排版 COUNTYCODE [County_ID] VB #</Process><Process Name="Append" ToolSource="c:\program files (x86)\arcgis\desktop10.2\ArcToolbox\Toolboxes\Data Management Tools.tbx\Append" Date="20250321" Time="101357">Append C:\NLSC_Administrative\administrative_boundary.gdb\Check_topo_geo\County C:\NLSC_Administrative\output_shp\COUNTY_WGS84.shp NO_TEST "COUNTYID "COUNTYID" true false false 3 Text 0 0 ,First,#;COUNTYCODE "COUNTYCODE" true false false 8 Text 0 0 ,First,#,C:\NLSC_Administrative\administrative_boundary.gdb\Check_topo_geo\County,County_ID,-1,-1;COUNTYNAME "COUNTYNAME" true false false 12 Text 0 0 ,First,#;COUNTYENG "COUNTYENG" true false false 39 Text 0 0 ,First,#" #</Process><Process Name="Join Field" ToolSource="c:\program files (x86)\arcgis\desktop10.2\ArcToolbox\Toolboxes\Data Management Tools.tbx\JoinField" Date="20250321" Time="101357">JoinField C:\NLSC_Administrative\output_shp\COUNTY_WGS84.shp COUNTYCODE C:\NLSC_Administrative\administrative_join.gdb\County_FieldReference COUNTYCODE COUNTYID;COUNTYNAME;COUNTYENG</Process><Process Name="Calculate Field.COUNTYNAME" ToolSource="c:\program files (x86)\arcgis\desktop10.2\ArcToolbox\Toolboxes\Data Management Tools.tbx\CalculateField" Date="20250321" Time="101357">CalculateField C:\NLSC_Administrative\output_shp\COUNTY_WGS84.shp COUNTYNAME [COUNTYNA_1] VB #</Process><Process Name="Calculate Field.COUNTYID" ToolSource="c:\program files (x86)\arcgis\desktop10.2\ArcToolbox\Toolboxes\Data Management Tools.tbx\CalculateField" Date="20250321" Time="101357">CalculateField C:\NLSC_Administrative\output_shp\COUNTY_WGS84.shp COUNTYID [COUNTYID_1] VB #</Process><Process Name="Calculate Field.COUNTYENG" ToolSource="c:\program files (x86)\arcgis\desktop10.2\ArcToolbox\Toolboxes\Data Management Tools.tbx\CalculateField" Date="20250321" Time="101357">CalculateField C:\NLSC_Administrative\output_shp\COUNTY_WGS84.shp COUNTYENG [COUNTYEN_1] VB #</Process><Process Name="Delete Field.County" ToolSource="c:\program files (x86)\arcgis\desktop10.2\ArcToolbox\Toolboxes\Data Management Tools.tbx\DeleteField" Date="20250321" Time="101436">DeleteField C:\NLSC_Administrative\output_shp\COUNTY_WGS84.shp COUNTYID_1;COUNTYNA_1;COUNTYEN_1</Process></lineage><copyHistory><copy source="C:\NLSC_Administrative\output_shp\COUNTY_WGS84" dest="\\JETLINK003\D$\專案\2025.02.20國土測繪中心_114年度行政區域界線維護、系統諮詢及維護採購案\行政區域界線更新作業\0226臺南市善化區村里界釐整\[114行政界線更新第1案]台南市善化區村里界線釐整案交付成果\2.直轄市、縣(市)界線檔(內政部版,shp檔)\COUNTY_WGS84" date="20250321" time="11143000"></copy></copyHistory></DataProperties><SyncDate>20210818</SyncDate><SyncTime>16310700</SyncTime><ModDate>20210818</ModDate><ModTime>16310700</ModTime><ArcGISstyle>FGDC CSDGM Metadata</ArcGISstyle></Esri><dataIdInfo><envirDesc Sync="TRUE"> Version 6.2 (Build 9200) ; Esri ArcGIS 10.2.2.3552</envirDesc><dataLang><languageCode value="zho" Sync="TRUE"></languageCode><countryCode value="TWN" Sync="TRUE"></countryCode></dataLang><idCitation><resTitle Sync="TRUE">County_MOI_92_2020</resTitle><presForm><PresFormCd value="005" Sync="TRUE"></PresFormCd></presForm></idCitation><spatRpType><SpatRepTypCd value="001" Sync="TRUE"></SpatRepTypCd></spatRpType></dataIdInfo><mdLang><languageCode value="zho" Sync="TRUE"></languageCode><countryCode value="TWN" Sync="TRUE"></countryCode></mdLang><distInfo><distFormat><formatName Sync="TRUE">Personal GeoDatabase Feature Class</formatName></distFormat></distInfo><mdHrLv><ScopeCd value="005" Sync="TRUE"></ScopeCd></mdHrLv><mdHrLvName Sync="TRUE">dataset</mdHrLvName><refSysInfo><RefSystem><refSysID><identCode code="0" Sync="TRUE"></identCode></refSysID></RefSystem></refSysInfo><spatRepInfo><VectSpatRep><geometObjs Name="County_MOI_92_2020"><geoObjTyp><GeoObjTypCd value="002" Sync="TRUE"></GeoObjTypCd></geoObjTyp><geoObjCnt Sync="TRUE">0</geoObjCnt></geometObjs><topLvl><TopoLevCd value="001" Sync="TRUE"></TopoLevCd></topLvl></VectSpatRep></spatRepInfo><spdoinfo><ptvctinf><esriterm Name="County_MOI_92_2020"><efeatyp Sync="TRUE">Simple</efeatyp><efeageom code="4" Sync="TRUE"></efeageom><esritopo Sync="TRUE">FALSE</esritopo><efeacnt Sync="TRUE">0</efeacnt><spindex Sync="TRUE">TRUE</spindex><linrefer Sync="TRUE">FALSE</linrefer></esriterm></ptvctinf></spdoinfo><eainfo><detailed Name="County_MOI_92_2020"><enttyp><enttypl Sync="TRUE">County_MOI_92_2020</enttypl><enttypt Sync="TRUE">Feature Class</enttypt><enttypc Sync="TRUE">0</enttypc></enttyp><attr><attrlabl Sync="TRUE">OBJECTID_1</attrlabl><attalias Sync="TRUE">OBJECTID_1</attalias><attrtype Sync="TRUE">OID</attrtype><attwidth Sync="TRUE">4</attwidth><atprecis Sync="TRUE">0</atprecis><attscale Sync="TRUE">0</attscale><attrdef Sync="TRUE">Internal feature number.</attrdef><attrdefs Sync="TRUE">Esri</attrdefs><attrdomv><udom Sync="TRUE">Sequential unique whole numbers that are automatically generated.</udom></attrdomv></attr><attr><attrlabl Sync="TRUE">Shape</attrlabl><attalias Sync="TRUE">Shape</attalias><attrtype Sync="TRUE">Geometry</attrtype><attwidth Sync="TRUE">0</attwidth><atprecis Sync="TRUE">0</atprecis><attscale Sync="TRUE">0</attscale><attrdef Sync="TRUE">Feature geometry.</attrdef><attrdefs Sync="TRUE">Esri</attrdefs><attrdomv><udom Sync="TRUE">Coordinates defining the features.</udom></attrdomv></attr><attr><attrlabl Sync="TRUE">OBJECTID</attrlabl><attalias Sync="TRUE">OBJECTID</attalias><attrtype Sync="TRUE">Integer</attrtype><attwidth Sync="TRUE">4</attwidth><atprecis Sync="TRUE">0</atprecis><attscale Sync="TRUE">0</attscale></attr><attr><attrlabl Sync="TRUE">County_ID</attrlabl><attalias Sync="TRUE">County_ID</attalias><attrtype Sync="TRUE">String</attrtype><attwidth Sync="TRUE">50</attwidth><atprecis Sync="TRUE">0</atprecis><attscale Sync="TRUE">0</attscale></attr><attr><attrlabl Sync="TRUE">Shape_Leng</attrlabl><attalias Sync="TRUE">Shape_Leng</attalias><attrtype Sync="TRUE">Double</attrtype><attwidth Sync="TRUE">8</attwidth><atprecis Sync="TRUE">0</atprecis><attscale Sync="TRUE">0</attscale></attr><attr><attrlabl Sync="TRUE">Shape_Length</attrlabl><attalias Sync="TRUE">Shape_Length</attalias><attrtype Sync="TRUE">Double</attrtype><attwidth Sync="TRUE">8</attwidth><atprecis Sync="TRUE">0</atprecis><attscale Sync="TRUE">0</attscale><attrdef Sync="TRUE">Length of feature in internal units.</attrdef><attrdefs Sync="TRUE">Esri</attrdefs><attrdomv><udom Sync="TRUE">Positive real numbers that are automatically generated.</udom></attrdomv></attr><attr><attrlabl Sync="TRUE">Shape_Area</attrlabl><attalias Sync="TRUE">Shape_Area</attalias><attrtype Sync="TRUE">Double</attrtype><attwidth Sync="TRUE">8</attwidth><atprecis Sync="TRUE">0</atprecis><attscale Sync="TRUE">0</attscale><attrdef Sync="TRUE">Area of feature in internal units squared.</attrdef><attrdefs Sync="TRUE">Esri</attrdefs><attrdomv><udom Sync="TRUE">Positive real numbers that are automatically generated.</udom></attrdomv></attr></detailed></eainfo><mdDateSt Sync="TRUE">20210818</mdDateSt></metadata>
